pehe,ate_hat,ate_true,ate_abs_error,ate_rel_error,bias,coverage_95,runtime_s,model,cohort,realization,execution_device,cate_runtime_s,ate_runtime_s,cate_best_params,ate_best_params,cate_seed,ate_seed,hpo_time_budget_s,ate_method
8892.267601231722,-7197.2222331848925,-6977.12744140625,220.0947917786425,0.031545187274659645,329.23007178281597,,11.684765244000005,CausalPFN (Foundation),cps,0,cuda,6.01234243600004,5.672422807999965,{},{},82719,82720,900.0,CausalPFNWrapper.estimate_ate
8899.618279383416,-8690.980655596615,-7082.3935546875,1608.5871009091152,0.22712478323690394,-1621.551383295249,,9.109953191000045,CausalPFN (Foundation),cps,1,cuda,3.3981616940000094,5.711791497000036,{},{},82729,82730,900.0,CausalPFNWrapper.estimate_ate
8948.759800371725,-4147.980281461306,-7037.5419921875,2889.561710726194,0.4105924645181289,223.8005251232424,,8.763654080000151,CausalPFN (Foundation),cps,2,cuda,3.36319229500009,5.400461785000061,{},{},82739,82740,900.0,CausalPFNWrapper.estimate_ate
8739.52351617168,-6106.066321753145,-7032.99267578125,926.9263540281054,0.13179686042027922,319.1974146734008,,9.09930298900008,CausalPFN (Foundation),cps,3,cuda,3.3981347410000353,5.7011682480000445,{},{},82749,82750,900.0,CausalPFNWrapper.estimate_ate
9369.506574000738,-5104.966172175292,-7018.77880859375,1913.8126364184582,0.27267031610576914,-1948.6200462401182,,8.581557396999983,CausalPFN (Foundation),cps,4,cuda,3.378472479999914,5.203084917000069,{},{},82759,82760,900.0,CausalPFNWrapper.estimate_ate
9067.932329028821,-5901.141923501904,-7084.69677734375,1183.5548538418461,0.1670579406623417,-454.0543757319313,,8.706895921000068,CausalPFN (Foundation),cps,5,cuda,3.4205094280000594,5.286386493000009,{},{},82769,82770,900.0,CausalPFNWrapper.estimate_ate
9042.244897373972,-8003.912174680443,-7150.3271484375,853.5850262429431,0.11937705905222476,-195.63039571132967,,8.7848410040001,CausalPFN (Foundation),cps,6,cuda,3.433887100999982,5.350953903000118,{},{},82779,82780,900.0,CausalPFNWrapper.estimate_ate
9026.512659923446,-8236.507639903157,-7098.8935546875,1137.6140852156568,0.16025230924372313,-55.52537597468215,,8.725075323999818,CausalPFN (Foundation),cps,7,cuda,3.3473326680000355,5.377742655999782,{},{},82789,82790,900.0,CausalPFNWrapper.estimate_ate
9049.630292460757,-7620.108912990616,-7091.86376953125,528.2451434593659,0.07448608160355798,220.27031577556852,,9.178695256000083,CausalPFN (Foundation),cps,8,cuda,3.467743156000097,5.710952099999986,{},{},82799,82800,900.0,CausalPFNWrapper.estimate_ate
8673.899180311535,-7668.8249123052265,-6980.4052734375,688.4196388677265,0.09862172924061872,-109.82031680251056,,9.000753253999846,CausalPFN (Foundation),cps,9,cuda,3.4967322360000708,5.504021017999776,{},{},82809,82810,900.0,CausalPFNWrapper.estimate_ate
13599.598418897796,-12305.637717047797,-13856.3720703125,1550.7343532647028,0.11191488979904465,2821.7104532737417,,1.8511345599999913,CausalPFN (Foundation),psid,0,cuda,0.7852098129999376,1.0659247470000537,{},{},92719,92720,900.0,CausalPFNWrapper.estimate_ate
12440.106020860674,-11663.819137145205,-13811.56640625,2147.747269104795,0.15550352551839036,1227.2413929997012,,1.891964021999911,CausalPFN (Foundation),psid,1,cuda,0.7826107749999665,1.1093532469999445,{},{},92729,92730,900.0,CausalPFNWrapper.estimate_ate
12897.613386407194,-12759.811325129273,-13880.02734375,1120.2160186207275,0.08070704695868913,1828.1693793369423,,1.978777994999973,CausalPFN (Foundation),psid,2,cuda,0.8331087349999962,1.145669259999977,{},{},92739,92740,900.0,CausalPFNWrapper.estimate_ate
12009.268764527927,-8301.036981570787,-13422.94140625,5121.904424679213,0.3815783940091202,2264.2174333425537,,1.860335017999887,CausalPFN (Foundation),psid,3,cuda,0.8100307059999068,1.0503043119999802,{},{},92749,92750,900.0,CausalPFNWrapper.estimate_ate
15258.276261110277,-10668.996299194563,-13357.1513671875,2688.155067992937,0.20125212285865904,2069.462838075874,,1.8694005380002636,CausalPFN (Foundation),psid,4,cuda,0.7760176880001382,1.0933828500001255,{},{},92759,92760,900.0,CausalPFNWrapper.estimate_ate
14781.292726402662,-6998.474319276568,-12922.82421875,5924.349899473432,0.45844080204024457,7801.437281973566,,1.8886818690000382,CausalPFN (Foundation),psid,5,cuda,0.784913577999987,1.1037682910000512,{},{},92769,92770,900.0,CausalPFNWrapper.estimate_ate
15736.730894180797,-9007.076002264646,-13823.197265625,4816.121263360354,0.34840863302540115,3867.2658699387757,,1.9457863069999348,CausalPFN (Foundation),psid,6,cuda,0.8056335059998219,1.140152801000113,{},{},92779,92780,900.0,CausalPFNWrapper.estimate_ate
14799.825217330437,-9230.012425396968,-13007.2373046875,3777.224879290532,0.2903940929813286,1539.8413835669812,,1.977903329000128,CausalPFN (Foundation),psid,7,cuda,0.7918769580001026,1.1860263710000254,{},{},92789,92790,900.0,CausalPFNWrapper.estimate_ate
13360.19511957024,-9724.247424905549,-13258.607421875,3534.3599969694515,0.2665709817409289,4102.779137899183,,1.9528347220000342,CausalPFN (Foundation),psid,8,cuda,0.8144094130000212,1.138425309000013,{},{},92799,92800,900.0,CausalPFNWrapper.estimate_ate
15094.398615648155,-12205.28745312031,-13162.4794921875,957.1920390671894,0.07272125587239069,336.58047953837195,,1.856928487999994,CausalPFN (Foundation),psid,9,cuda,0.7825793439999416,1.0743491440000525,{},{},92809,92810,900.0,CausalPFNWrapper.estimate_ate
12151.353116053819,-602.7838810579735,-6977.12744140625,6374.343560348277,0.9136057229670413,6507.506793443395,,10.678764485999864,Do-PFN (Foundation),cps,0,cuda,6.109368058999962,4.5693964269999015,{},{},182719,182720,900.0,DoPFNWrapper.estimate_ate
11996.098330072427,-713.9182225500587,-7082.3935546875,6368.475332137441,0.8991981712049111,6254.919509139363,,6.623751201999994,Do-PFN (Foundation),cps,1,cuda,2.0800235820001944,4.5437276199998,{},{},182729,182730,900.0,DoPFNWrapper.estimate_ate
11943.45814844145,-744.6946861003254,-7037.5419921875,6292.847306087175,0.8941825587774871,5995.980091857191,,6.631218757999932,Do-PFN (Foundation),cps,2,cuda,2.0816130349999185,4.549605723000013,{},{},182739,182740,900.0,DoPFNWrapper.estimate_ate
11707.7892052212,-1128.1045474248963,-7032.99267578125,5904.888128356353,0.8395982195007791,5860.524079700894,,6.625232923999874,Do-PFN (Foundation),cps,3,cuda,2.0780248139999458,4.547208109999929,{},{},182749,182750,900.0,DoPFNWrapper.estimate_ate
12360.73279425562,-348.1987635856311,-7018.77880859375,6670.580045008119,0.950390406495101,6769.921388086977,,6.623534083000095,Do-PFN (Foundation),cps,4,cuda,2.076842123000006,4.546691960000089,{},{},182759,182760,900.0,DoPFNWrapper.estimate_ate
11982.785280199718,-737.4617740078944,-7084.69677734375,6347.235003335855,0.8959077858666876,6415.030143130443,,6.631311575999916,Do-PFN (Foundation),cps,5,cuda,2.0796930510000493,4.551618524999867,{},{},182769,182770,900.0,DoPFNWrapper.estimate_ate
11535.898596072748,-1483.6305526230615,-7150.3271484375,5666.696595814438,0.7925087171773404,5532.2672872302965,,6.636669626999947,Do-PFN (Foundation),cps,6,cuda,2.084967577000043,4.5517020499999035,{},{},182779,182780,900.0,DoPFNWrapper.estimate_ate
12184.747922579043,-617.5512984426294,-7098.8935546875,6481.34225624487,0.9130073871802202,6364.468974721259,,6.617193169000075,Do-PFN (Foundation),cps,7,cuda,2.078653189000079,4.538539979999996,{},{},182789,182790,900.0,DoPFNWrapper.estimate_ate
12209.578270308451,-675.412613030967,-7091.86376953125,6416.451156500283,0.904762325533975,6568.59917276835,,6.618146693000199,Do-PFN (Foundation),cps,8,cuda,2.0764656270000614,4.541681066000137,{},{},182799,182800,900.0,DoPFNWrapper.estimate_ate
11513.210651957857,-1176.3826554799775,-6980.4052734375,5804.022617957522,0.8314735879355349,5470.078751524777,,6.620754613000145,Do-PFN (Foundation),cps,9,cuda,2.07906342199999,4.5416911910001545,{},{},182809,182810,900.0,DoPFNWrapper.estimate_ate
20954.504542731145,-1190.9373319798342,-13856.3720703125,12665.434738332666,0.9140512880322709,14162.69828028971,,1.4266271459998734,Do-PFN (Foundation),psid,0,cuda,0.7129103439999653,0.7137168019999081,{},{},192719,192720,900.0,DoPFNWrapper.estimate_ate
19386.604353842835,-1657.134845553139,-13811.56640625,12154.431560696861,0.8800183268993983,12649.881759676675,,1.4270333020001544,Do-PFN (Foundation),psid,1,cuda,0.7083996650001154,0.718633637000039,{},{},192729,192730,900.0,DoPFNWrapper.estimate_ate
20234.558184886657,-1477.693625995398,-13880.02734375,12402.333717754602,0.8935381329295636,13174.575934442011,,1.396376675000056,Do-PFN (Foundation),psid,2,cuda,0.6932820330000595,0.7030946419999964,{},{},192739,192740,900.0,DoPFNWrapper.estimate_ate
18562.186179421224,-1916.7223071959465,-13422.94140625,11506.219099054053,0.8572054925076218,12012.074693801977,,1.4072967690001406,Do-PFN (Foundation),psid,3,cuda,0.6976493980000669,0.7096473710000737,{},{},192749,192750,900.0,DoPFNWrapper.estimate_ate
22270.994382970057,-243.5249329358745,-13357.1513671875,13113.626434251626,0.9817681984540564,11601.317305212568,,1.4020220639999934,Do-PFN (Foundation),psid,4,cuda,0.6932240670000738,0.7087979969999196,{},{},192759,192760,900.0,DoPFNWrapper.estimate_ate
18970.623255435552,-1377.8564662816457,-12922.82421875,11544.967752468354,0.8933780694554818,11931.198283834856,,1.4062756409998656,Do-PFN (Foundation),psid,5,cuda,0.6981250879998697,0.7081505529999959,{},{},192769,192770,900.0,DoPFNWrapper.estimate_ate
21876.81427580469,-2012.9143884861332,-13823.197265625,11810.282877138867,0.85438141771294,12872.984070087405,,1.400701435999963,Do-PFN (Foundation),psid,6,cuda,0.6968194200001108,0.7038820159998522,{},{},192779,192780,900.0,DoPFNWrapper.estimate_ate
19172.778079132306,-2060.6619855215463,-13007.2373046875,10946.575319165953,0.8415757368563308,8860.959014416218,,1.4404320310000003,Do-PFN (Foundation),psid,7,cuda,0.7038585660000081,0.7365734649999922,{},{},192789,192790,900.0,DoPFNWrapper.estimate_ate
19940.82421679371,-2193.7487004204754,-13258.607421875,11064.858721454524,0.834541544928058,12301.198085808282,,1.3941143440001724,Do-PFN (Foundation),psid,8,cuda,0.6882601960001011,0.7058541480000713,{},{},192799,192800,900.0,DoPFNWrapper.estimate_ate
20667.916822306845,-1078.1759216212743,-13162.4794921875,12084.303570566226,0.9180871717771413,11228.720721089043,,1.4051381759998094,Do-PFN (Foundation),psid,9,cuda,0.704721913999947,0.7004162619998624,{},{},192809,192810,900.0,DoPFNWrapper.estimate_ate
12344.39395986863,-402.2323200117536,-6977.12744140625,6574.8951213944965,0.9423498677071453,6649.8044415801905,,3.38117668100017,CausalFM (Foundation),cps,0,cuda,1.1801386510001066,2.2010380300000634,{},{},282719,282720,900.0,CausalFMWrapper.estimate_ate
12303.161459156488,-398.81547777851245,-7082.3935546875,6683.578076908988,0.9436891674109253,6606.387733323408,,3.2181605010000567,CausalFM (Foundation),cps,1,cuda,1.017534317999889,2.2006261830001677,{},{},282729,282730,900.0,CausalFMWrapper.estimate_ate
12246.403280859486,-417.6952710309101,-7037.5419921875,6619.84672115659,0.9406475625290752,6208.418163549692,,3.21698051400017,CausalFM (Foundation),cps,2,cuda,1.0168640940000842,2.200116420000086,{},{},282739,282740,900.0,CausalFMWrapper.estimate_ate
12421.041720045661,-405.7804863157449,-7032.99267578125,6627.212189465505,0.9423032974678744,6621.665269402137,,3.216804232999948,CausalFM (Foundation),cps,3,cuda,1.0171606629999133,2.1996435700000347,{},{},282749,282750,900.0,CausalFMWrapper.estimate_ate
12380.071195326951,-404.74694837647894,-7018.77880859375,6614.031860217271,0.9423337079820306,6381.770923740112,,3.217553202999852,CausalFM (Foundation),cps,4,cuda,1.0173298859999704,2.2002233169998817,{},{},282759,282760,900.0,CausalFMWrapper.estimate_ate
12368.735145996166,-396.705408406805,-7084.69677734375,6687.991368936945,0.9440053087826038,6757.72526397345,,3.216853135999827,CausalFM (Foundation),cps,5,cuda,1.017149457999949,2.199703677999878,{},{},282769,282770,900.0,CausalFMWrapper.estimate_ate
12360.190932099997,-410.8684604002087,-7150.3271484375,6739.458688037292,0.9425385088150243,6627.956861584018,,3.216023013999802,CausalFM (Foundation),cps,6,cuda,1.0165903159997924,2.1994326980000096,{},{},282779,282780,900.0,CausalFMWrapper.estimate_ate
12393.869427313075,-417.02527142867035,-7098.8935546875,6681.868283258829,0.9412548915932518,6596.15570055157,,3.2164813140000206,CausalFM (Foundation),cps,7,cuda,1.0169443699999192,2.1995369440001014,{},{},282789,282790,900.0,CausalFMWrapper.estimate_ate
12438.137195101623,-411.3223275022408,-7091.86376953125,6680.541442029009,0.942000813766499,6842.425237461723,,3.219210071000134,CausalFM (Foundation),cps,8,cuda,1.0171309310001106,2.2020791400000235,{},{},282799,282800,900.0,CausalFMWrapper.estimate_ate
12185.85023287668,-398.00072003246356,-6980.4052734375,6582.4045534050365,0.9429831500534213,6324.775602955934,,3.219306643999971,CausalFM (Foundation),cps,9,cuda,1.0197646649999115,2.1995419790000597,{},{},282809,282810,900.0,CausalFMWrapper.estimate_ate
22399.14981017645,-879.6778059534566,-13856.3720703125,12976.694264359043,0.9365145651762955,14202.693136002987,,0.15801909299989347,CausalFM (Foundation),psid,0,cuda,0.05553047599983074,0.10248861700006273,{},{},292719,292720,900.0,CausalFMWrapper.estimate_ate
20265.277513550678,-862.5688014140145,-13811.56640625,12948.997604835986,0.937547358782342,12146.81883719436,,0.1564458709997325,CausalFM (Foundation),psid,1,cuda,0.05515963599987117,0.10128623499986134,{},{},292729,292730,900.0,CausalFMWrapper.estimate_ate
23031.587781441813,-823.2387695006655,-13880.02734375,13056.788574249334,0.9406889663023058,14389.292117791292,,0.15644063000013375,CausalFM (Foundation),psid,2,cuda,0.05515640099997654,0.10128422900015721,{},{},292739,292740,900.0,CausalFMWrapper.estimate_ate
20726.347329714663,-744.4781906996323,-13422.94140625,12678.463215550368,0.9445368814347626,12477.093852397833,,0.1564273060000687,CausalFM (Foundation),psid,3,cuda,0.05510063900010209,0.10132666699996662,{},{},292749,292750,900.0,CausalFMWrapper.estimate_ate
23562.65065772506,-521.0053410618126,-13357.1513671875,12836.146026125687,0.9609942773912633,11715.470345451198,,0.1571691040001042,CausalFM (Foundation),psid,4,cuda,0.054974919999949634,0.10219418400015456,{},{},292759,292760,900.0,CausalFMWrapper.estimate_ate
22186.695039138736,-559.7702868728513,-12922.82421875,12363.053931877148,0.9566835950557745,13343.01317784557,,0.15614204999997128,CausalFM (Foundation),psid,5,cuda,0.055041780000010476,0.1011002699999608,{},{},292769,292770,900.0,CausalFMWrapper.estimate_ate
24730.495462337927,-729.414238094868,-13823.197265625,13093.783027530131,0.947232595752777,14139.049885057046,,0.15624133899973458,CausalFM (Foundation),psid,6,cuda,0.05507662599984542,0.10116471299988916,{},{},292779,292780,900.0,CausalFMWrapper.estimate_ate
21039.366282768402,-651.6207046155903,-13007.2373046875,12355.61660007191,0.9499032200796197,9813.234777805066,,0.15699030099972333,CausalFM (Foundation),psid,7,cuda,0.055755431999841676,0.10123486899988166,{},{},292789,292790,900.0,CausalFMWrapper.estimate_ate
22963.367073210553,-713.0760544073376,-13258.607421875,12545.531367467662,0.9462178770569587,13898.001004395255,,0.15639334299999064,CausalFM (Foundation),psid,8,cuda,0.05517551699995238,0.10121782600003826,{},{},292799,292800,900.0,CausalFMWrapper.estimate_ate
21837.943310301453,-641.337250361295,-13162.4794921875,12521.142241826205,0.9512753466585478,10982.61387035187,,0.15727572500009046,CausalFM (Foundation),psid,9,cuda,0.05515920900006677,0.1021165160000237,{},{},292809,292810,900.0,CausalFMWrapper.estimate_ate
